Year,Percentage
2004,22.29310086
2005,22.38782035
2006,22.65653672
2007,22.82693393
2008,22.62583327
2014,22.80498715
2015,23.32107533
2016,23.78540859
2017,24.22009225
2018,24.66027264
2019,25.06311202
2022,25.67699694
2023,26.43667452
